Workbook

Sheet 老干部
A1: 老干部党支部2026年度党员学习统计表
A2: 填报单位：
A3: 序号 | B3: 姓名 | C3: 入党时间 | D3: 参加培训时间 | E3: 培训方式及内容 | F3: 培训时长（45分钟=1学时） | G3: 总学时
A4: 1 | B4: 贾桂芝 | C4: =VLOOKUP(B4,[1]导出名册!$A$1:$H$65536,8,FALSE) -> 1995-07-01 | D4: 2026.01.17 | E4: 参加二十届四中全会精神教育集中培训《“十五五”时期经济社会发展的指导思想、重大原则和根本保证》《“十五五”时期经济社会发展的重大战略任务》，围绕深入贯彻落实党的二十届四中全会精神及省委十三届八次全会部署、深入贯彻落实市委十四届八次全会及县委十七届九次全会部署开展研讨 | F4: 6 | G4: =SUM(F4:F9) -> 18.5
D5: 2026.02.06 | E5: 参加2026年第一期“龙江先锋网”省级直播授课培训《提升基层安全应急能力 助力地方高质量发展》 | F5: 2.5
D6: 2026.02.26 | E6: 参加2026年第二期“龙江先锋网”省级直播授课培训《全面贯彻省委经济工作会议精神 确保实现‘十五五’开好局起好步》 | F6: 2.5
D7: 2026.03.18 | E7: 参加2026年第一期“三江党旗红 党员在行动”直播授课培训《佳木斯市大垄密植增产技术措施》《狮头鹅和湖羊养殖实操精要与疫病防控》 | F7: 2.5
D8: 2026.03.25 | E8: 参加2026年第三期“龙江先锋网”省级直播授课培训《树立和践行正确政绩观》《大豆产业提质增效》 | F8: 2.5
D9: 2026.04.15 | E9: 参加2026年第五期“龙江先锋网”省级直播授课培训《深入学习贯彻习近平法治思想，以全民普法夯实基层治理法治根基》 | F9: 2.5
A10: 2 | B10: 金贞淑 | C10: =VLOOKUP(B10,[1]导出名册!$A$1:$H$65536,8,FALSE) -> 1993-03-01 | D10: 2026.01.17 | E10: 参加二十届四中全会精神教育集中培训《“十五五”时期经济社会发展的指导思想、重大原则和根本保证》《“十五五”时期经济社会发展的重大战略任务》，围绕深入贯彻落实党的二十届四中全会精神及省委十三届八次全会部署、深入贯彻落实市委十四届八次全会及县委十七届九次全会部署开展研讨 | F10: 6 | G10: =SUM(F10:F15) -> 18.5
D11: 2026.02.06 | E11: 参加2026年第一期“龙江先锋网”省级直播授课培训《提升基层安全应急能力 助力地方高质量发展》 | F11: 2.5
D12: 2026.02.26 | E12: 参加2026年第二期“龙江先锋网”省级直播授课培训《全面贯彻省委经济工作会议精神 确保实现‘十五五’开好局起好步》 | F12: 2.5
D13: 2026.03.18 | E13: 参加2026年第一期“三江党旗红 党员在行动”直播授课培训《佳木斯市大垄密植增产技术措施》《狮头鹅和湖羊养殖实操精要与疫病防控》 | F13: 2.5
D14: 2026.03.25 | E14: 参加2026年第三期“龙江先锋网”省级直播授课培训《树立和践行正确政绩观》《大豆产业提质增效》 | F14: 2.5
D15: 2026.04.15 | E15: 参加2026年第五期“龙江先锋网”省级直播授课培训《深入学习贯彻习近平法治思想，以全民普法夯实基层治理法治根基》 | F15: 2.5
A16: 3 | B16: 张士田 | C16: =VLOOKUP(B16,[1]导出名册!$A$1:$H$65536,8,FALSE) -> 1975-06-15 | D16: 2026.01.17 | E16: 参加二十届四中全会精神教育集中培训《“十五五”时期经济社会发展的指导思想、重大原则和根本保证》《“十五五”时期经济社会发展的重大战略任务》，围绕深入贯彻落实党的二十届四中全会精神及省委十三届八次全会部署、深入贯彻落实市委十四届八次全会及县委十七届九次全会部署开展研讨 | F16: 6 | G16: =SUM(F16:F21) -> 18.5
D17: 2026.02.06 | E17: 参加2026年第一期“龙江先锋网”省级直播授课培训《提升基层安全应急能力 助力地方高质量发展》 | F17: 2.5
D18: 2026.02.26 | E18: 参加2026年第二期“龙江先锋网”省级直播授课培训《全面贯彻省委经济工作会议精神 确保实现‘十五五’开好局起好步》 | F18: 2.5
D19: 2026.03.18 | E19: 参加2026年第一期“三江党旗红 党员在行动”直播授课培训《佳木斯市大垄密植增产技术措施》《狮头鹅和湖羊养殖实操精要与疫病防控》 | F19: 2.5
D20: 2026.03.25 | E20: 参加2026年第三期“龙江先锋网”省级直播授课培训《树立和践行正确政绩观》《大豆产业提质增效》 | F20: 2.5
D21: 2026.04.15 | E21: 参加2026年第五期“龙江先锋网”省级直播授课培训《深入学习贯彻习近平法治思想，以全民普法夯实基层治理法治根基》 | F21: 2.5
A22: 4 | B22: 蔺刚 | C22: =VLOOKUP(B22,[1]导出名册!$A$1:$H$65536,8,FALSE) -> 1988-07-01 | D22: 2026.01.17 | E22: 参加二十届四中全会精神教育集中培训《“十五五”时期经济社会发展的指导思想、重大原则和根本保证》《“十五五”时期经济社会发展的重大战略任务》，围绕深入贯彻落实党的二十届四中全会精神及省委十三届八次全会部署、深入贯彻落实市委十四届八次全会及县委十七届九次全会部署开展研讨 | F22: 6 | G22: =SUM(F22:F28) -> 20.5
D23: 2026.02.06 | E23: 参加2026年第一期“龙江先锋网”省级直播授课培训《提升基层安全应急能力 助力地方高质量发展》 | F23: 2.5
D24: 2026.02.26 | E24: 参加2026年第二期“龙江先锋网”省级直播授课培训《全面贯彻省委经济工作会议精神 确保实现‘十五五’开好局起好步》 | F24: 2.5
D25: 2026.3.20 | E25: 3月份党员大会 | F25: 2
D26: 2026.03.18 | E26: 参加2026年第一期“三江党旗红 党员在行动”直播授课培训《佳木斯市大垄密植增产技术措施》《狮头鹅和湖羊养殖实操精要与疫病防控》 | F26: 2.5
D27: 2026.03.25 | E27: 参加2026年第三期“龙江先锋网”省级直播授课培训《树立和践行正确政绩观》《大豆产业提质增效》 | F27: 2.5
D28: 2026.04.15 | E28: 参加2026年第五期“龙江先锋网”省级直播授课培训《深入学习贯彻习近平法治思想，以全民普法夯实基层治理法治根基》 | F28: 2.5
A29: 5 | B29: 邬峰 | C29: =VLOOKUP(B29,[1]导出名册!$A$1:$H$65536,8,FALSE) -> 1996-07-15 | D29: 2026.01.17 | E29: 参加二十届四中全会精神教育集中培训《“十五五”时期经济社会发展的指导思想、重大原则和根本保证》《“十五五”时期经济社会发展的重大战略任务》，围绕深入贯彻落实党的二十届四中全会精神及省委十三届八次全会部署、深入贯彻落实市委十四届八次全会及县委十七届九次全会部署开展研讨 | F29: 6 | G29: =SUM(F29:F34) -> 18.5
D30: 2026.02.06 | E30: 参加2026年第一期“龙江先锋网”省级直播授课培训《提升基层安全应急能力 助力地方高质量发展》 | F30: 2.5
D31: 2026.02.26 | E31: 参加2026年第二期“龙江先锋网”省级直播授课培训《全面贯彻省委经济工作会议精神 确保实现‘十五五’开好局起好步》 | F31: 2.5
D32: 2026.03.18 | E32: 参加2026年第一期“三江党旗红 党员在行动”直播授课培训《佳木斯市大垄密植增产技术措施》《狮头鹅和湖羊养殖实操精要与疫病防控》 | F32: 2.5
D33: 2026.03.25 | E33: 参加2026年第三期“龙江先锋网”省级直播授课培训《树立和践行正确政绩观》《大豆产业提质增效》 | F33: 2.5
D34: 2026.04.15 | E34: 参加2026年第五期“龙江先锋网”省级直播授课培训《深入学习贯彻习近平法治思想，以全民普法夯实基层治理法治根基》 | F34: 2.5
A35: 6 | B35: 姜士民 | C35: =VLOOKUP(B35,[1]导出名册!$A$1:$H$65536,8,FALSE) -> 1991-07-15 | D35: 2026.01.17 | E35: 参加二十届四中全会精神教育集中培训《“十五五”时期经济社会发展的指导思想、重大原则和根本保证》《“十五五”时期经济社会发展的重大战略任务》，围绕深入贯彻落实党的二十届四中全会精神及省委十三届八次全会部署、深入贯彻落实市委十四届八次全会及县委十七届九次全会部署开展研讨 | F35: 6 | G35: =SUM(F35:F40) -> 18.5
D36: 2026.02.06 | E36: 参加2026年第一期“龙江先锋网”省级直播授课培训《提升基层安全应急能力 助力地方高质量发展》 | F36: 2.5
D37: 2026.02.26 | E37: 参加2026年第二期“龙江先锋网”省级直播授课培训《全面贯彻省委经济工作会议精神 确保实现‘十五五’开好局起好步》 | F37: 2.5
D38: 2026.03.18 | E38: 参加2026年第一期“三江党旗红 党员在行动”直播授课培训《佳木斯市大垄密植增产技术措施》《狮头鹅和湖羊养殖实操精要与疫病防控》 | F38: 2.5
D39: 2026.03.25 | E39: 参加2026年第三期“龙江先锋网”省级直播授课培训《树立和践行正确政绩观》《大豆产业提质增效》 | F39: 2.5
D40: 2026.04.15 | E40: 参加2026年第五期“龙江先锋网”省级直播授课培训《深入学习贯彻习近平法治思想，以全民普法夯实基层治理法治根基》 | F40: 2.5
A41: 7 | B41: 陈淑华 | C41: =VLOOKUP(B41,[1]导出名册!$A$1:$H$65536,8,FALSE) -> 1973-02-15 | D41: 2026.01.17 | E41: 参加二十届四中全会精神教育集中培训《“十五五”时期经济社会发展的指导思想、重大原则和根本保证》《“十五五”时期经济社会发展的重大战略任务》，围绕深入贯彻落实党的二十届四中全会精神及省委十三届八次全会部署、深入贯彻落实市委十四届八次全会及县委十七届九次全会部署开展研讨 | F41: 6 | G41: =SUM(F41:F47) -> 20.5
D42: 2026.02.06 | E42: 参加2026年第一期“龙江先锋网”省级直播授课培训《提升基层安全应急能力 助力地方高质量发展》 | F42: 2.5
D43: 2026.02.26 | E43: 参加2026年第二期“龙江先锋网”省级直播授课培训《全面贯彻省委经济工作会议精神 确保实现‘十五五’开好局起好步》 | F43: 2.5
D44: 2026.3.20 | E44: 3月份党员大会 | F44: 2
D45: 2026.03.18 | E45: 参加2026年第一期“三江党旗红 党员在行动”直播授课培训《佳木斯市大垄密植增产技术措施》《狮头鹅和湖羊养殖实操精要与疫病防控》 | F45: 2.5
D46: 2026.03.25 | E46: 参加2026年第三期“龙江先锋网”省级直播授课培训《树立和践行正确政绩观》《大豆产业提质增效》 | F46: 2.5
D47: 2026.04.15 | E47: 参加2026年第五期“龙江先锋网”省级直播授课培训《深入学习贯彻习近平法治思想，以全民普法夯实基层治理法治根基》 | F47: 2.5
A48: 8 | B48: 宫淑清 | C48: =VLOOKUP(B48,[1]导出名册!$A$1:$H$65536,8,FALSE) -> 1975-06-15 | D48: 2026.01.17 | E48: 参加二十届四中全会精神教育集中培训《“十五五”时期经济社会发展的指导思想、重大原则和根本保证》《“十五五”时期经济社会发展的重大战略任务》，围绕深入贯彻落实党的二十届四中全会精神及省委十三届八次全会部署、深入贯彻落实市委十四届八次全会及县委十七届九次全会部署开展研讨 | F48: 6 | G48: =SUM(F48:F53) -> 18.5
D49: 2026.02.06 | E49: 参加2026年第一期“龙江先锋网”省级直播授课培训《提升基层安全应急能力 助力地方高质量发展》 | F49: 2.5
D50: 2026.02.26 | E50: 参加2026年第二期“龙江先锋网”省级直播授课培训《全面贯彻省委经济工作会议精神 确保实现‘十五五’开好局起好步》 | F50: 2.5
D51: 2026.03.18 | E51: 参加2026年第一期“三江党旗红 党员在行动”直播授课培训《佳木斯市大垄密植增产技术措施》《狮头鹅和湖羊养殖实操精要与疫病防控》 | F51: 2.5
D52: 2026.03.25 | E52: 参加2026年第三期“龙江先锋网”省级直播授课培训《树立和践行正确政绩观》《大豆产业提质增效》 | F52: 2.5
D53: 2026.04.15 | E53: 参加2026年第五期“龙江先锋网”省级直播授课培训《深入学习贯彻习近平法治思想，以全民普法夯实基层治理法治根基》 | F53: 2.5
A54: 9 | B54: 方晶 | C54: =VLOOKUP(B54,[1]导出名册!$A$1:$H$65536,8,FALSE) -> 1979-03-01 | D54: 2026.01.17 | E54: 参加二十届四中全会精神教育集中培训《“十五五”时期经济社会发展的指导思想、重大原则和根本保证》《“十五五”时期经济社会发展的重大战略任务》，围绕深入贯彻落实党的二十届四中全会精神及省委十三届八次全会部署、深入贯彻落实市委十四届八次全会及县委十七届九次全会部署开展研讨 | F54: 6 | G54: =SUM(F54:F59) -> 18.5
D55: 2026.02.06 | E55: 参加2026年第一期“龙江先锋网”省级直播授课培训《提升基层安全应急能力 助力地方高质量发展》 | F55: 2.5
D56: 2026.02.26 | E56: 参加2026年第二期“龙江先锋网”省级直播授课培训《全面贯彻省委经济工作会议精神 确保实现‘十五五’开好局起好步》 | F56: 2.5
D57: 2026.03.18 | E57: 参加2026年第一期“三江党旗红 党员在行动”直播授课培训《佳木斯市大垄密植增产技术措施》《狮头鹅和湖羊养殖实操精要与疫病防控》 | F57: 2.5
D58: 2026.03.25 | E58: 参加2026年第三期“龙江先锋网”省级直播授课培训《树立和践行正确政绩观》《大豆产业提质增效》 | F58: 2.5
D59: 2026.04.15 | E59: 参加2026年第五期“龙江先锋网”省级直播授课培训《深入学习贯彻习近平法治思想，以全民普法夯实基层治理法治根基》 | F59: 2.5
A60: 10 | B60: 褚兴东 | C60: =VLOOKUP(B60,[1]导出名册!$A$1:$H$65536,8,FALSE) -> 1973-05-01 | D60: 2026.01.17 | E60: 参加二十届四中全会精神教育集中培训《“十五五”时期经济社会发展的指导思想、重大原则和根本保证》《“十五五”时期经济社会发展的重大战略任务》，围绕深入贯彻落实党的二十届四中全会精神及省委十三届八次全会部署、深入贯彻落实市委十四届八次全会及县委十七届九次全会部署开展研讨 | F60: 6 | G60: =SUM(F60:F65) -> 18.5
D61: 2026.02.06 | E61: 参加2026年第一期“龙江先锋网”省级直播授课培训《提升基层安全应急能力 助力地方高质量发展》 | F61: 2.5
D62: 2026.02.26 | E62: 参加2026年第二期“龙江先锋网”省级直播授课培训《全面贯彻省委经济工作会议精神 确保实现‘十五五’开好局起好步》 | F62: 2.5
D63: 2026.03.18 | E63: 参加2026年第一期“三江党旗红 党员在行动”直播授课培训《佳木斯市大垄密植增产技术措施》《狮头鹅和湖羊养殖实操精要与疫病防控》 | F63: 2.5
D64: 2026.03.25 | E64: 参加2026年第三期“龙江先锋网”省级直播授课培训《树立和践行正确政绩观》《大豆产业提质增效》 | F64: 2.5
D65: 2026.04.15 | E65: 参加2026年第五期“龙江先锋网”省级直播授课培训《深入学习贯彻习近平法治思想，以全民普法夯实基层治理法治根基》 | F65: 2.5
A66: 11 | B66: 张连贵 | C66: =VLOOKUP(B66,[1]导出名册!$A$1:$H$65536,8,FALSE) -> 1997-07-01 | D66: 2026.01.17 | E66: 参加二十届四中全会精神教育集中培训《“十五五”时期经济社会发展的指导思想、重大原则和根本保证》《“十五五”时期经济社会发展的重大战略任务》，围绕深入贯彻落实党的二十届四中全会精神及省委十三届八次全会部署、深入贯彻落实市委十四届八次全会及县委十七届九次全会部署开展研讨 | F66: 6 | G66: =SUM(F66:F71) -> 18.5
D67: 2026.02.06 | E67: 参加2026年第一期“龙江先锋网”省级直播授课培训《提升基层安全应急能力 助力地方高质量发展》 | F67: 2.5
D68: 2026.02.26 | E68: 参加2026年第二期“龙江先锋网”省级直播授课培训《全面贯彻省委经济工作会议精神 确保实现‘十五五’开好局起好步》 | F68: 2.5
D69: 2026.03.18 | E69: 参加2026年第一期“三江党旗红 党员在行动”直播授课培训《佳木斯市大垄密植增产技术措施》《狮头鹅和湖羊养殖实操精要与疫病防控》 | F69: 2.5
D70: 2026.03.25 | E70: 参加2026年第三期“龙江先锋网”省级直播授课培训《树立和践行正确政绩观》《大豆产业提质增效》 | F70: 2.5
D71: 2026.04.15 | E71: 参加2026年第五期“龙江先锋网”省级直播授课培训《深入学习贯彻习近平法治思想，以全民普法夯实基层治理法治根基》 | F71: 2.5
A72: 12 | B72: 贾艳君 | C72: =VLOOKUP(B72,[1]导出名册!$A$1:$H$65536,8,FALSE) -> 1991-06-01 | D72: 2026.01.17 | E72: 参加二十届四中全会精神教育集中培训《“十五五”时期经济社会发展的指导思想、重大原则和根本保证》《“十五五”时期经济社会发展的重大战略任务》，围绕深入贯彻落实党的二十届四中全会精神及省委十三届八次全会部署、深入贯彻落实市委十四届八次全会及县委十七届九次全会部署开展研讨 | F72: 6 | G72: =SUM(F72:F77) -> 18.5
D73: 2026.02.06 | E73: 参加2026年第一期“龙江先锋网”省级直播授课培训《提升基层安全应急能力 助力地方高质量发展》 | F73: 2.5
D74: 2026.02.26 | E74: 参加2026年第二期“龙江先锋网”省级直播授课培训《全面贯彻省委经济工作会议精神 确保实现‘十五五’开好局起好步》 | F74: 2.5
D75: 2026.03.18 | E75: 参加2026年第一期“三江党旗红 党员在行动”直播授课培训《佳木斯市大垄密植增产技术措施》《狮头鹅和湖羊养殖实操精要与疫病防控》 | F75: 2.5
D76: 2026.03.25 | E76: 参加2026年第三期“龙江先锋网”省级直播授课培训《树立和践行正确政绩观》《大豆产业提质增效》 | F76: 2.5
D77: 2026.04.15 | E77: 参加2026年第五期“龙江先锋网”省级直播授课培训《深入学习贯彻习近平法治思想，以全民普法夯实基层治理法治根基》 | F77: 2.5
A78: 13 | B78: 安宁 | C78: =VLOOKUP(B78,[1]导出名册!$A$1:$H$65536,8,FALSE) -> 1975-10-01 | D78: 2026.01.17 | E78: 参加二十届四中全会精神教育集中培训《“十五五”时期经济社会发展的指导思想、重大原则和根本保证》《“十五五”时期经济社会发展的重大战略任务》，围绕深入贯彻落实党的二十届四中全会精神及省委十三届八次全会部署、深入贯彻落实市委十四届八次全会及县委十七届九次全会部署开展研讨 | F78: 6 | G78: =SUM(F78:F83) -> 18.5
D79: 2026.02.06 | E79: 参加2026年第一期“龙江先锋网”省级直播授课培训《提升基层安全应急能力 助力地方高质量发展》 | F79: 2.5
D80: 2026.02.26 | E80: 参加2026年第二期“龙江先锋网”省级直播授课培训《全面贯彻省委经济工作会议精神 确保实现‘十五五’开好局起好步》 | F80: 2.5
D81: 2026.03.18 | E81: 参加2026年第一期“三江党旗红 党员在行动”直播授课培训《佳木斯市大垄密植增产技术措施》《狮头鹅和湖羊养殖实操精要与疫病防控》 | F81: 2.5
D82: 2026.03.25 | E82: 参加2026年第三期“龙江先锋网”省级直播授课培训《树立和践行正确政绩观》《大豆产业提质增效》 | F82: 2.5
D83: 2026.04.15 | E83: 参加2026年第五期“龙江先锋网”省级直播授课培训《深入学习贯彻习近平法治思想，以全民普法夯实基层治理法治根基》 | F83: 2.5
A84: 14 | B84: 任玉祥 | C84: =VLOOKUP(B84,[1]导出名册!$A$1:$H$65536,8,FALSE) -> 1997-07-01 | D84: 2026.01.17 | E84: 参加二十届四中全会精神教育集中培训《“十五五”时期经济社会发展的指导思想、重大原则和根本保证》《“十五五”时期经济社会发展的重大战略任务》，围绕深入贯彻落实党的二十届四中全会精神及省委十三届八次全会部署、深入贯彻落实市委十四届八次全会及县委十七届九次全会部署开展研讨 | F84: 6 | G84: =SUM(F84:F89) -> 18.5
D85: 2026.02.06 | E85: 参加2026年第一期“龙江先锋网”省级直播授课培训《提升基层安全应急能力 助力地方高质量发展》 | F85: 2.5
D86: 2026.02.26 | E86: 参加2026年第二期“龙江先锋网”省级直播授课培训《全面贯彻省委经济工作会议精神 确保实现‘十五五’开好局起好步》 | F86: 2.5
D87: 2026.03.18 | E87: 参加2026年第一期“三江党旗红 党员在行动”直播授课培训《佳木斯市大垄密植增产技术措施》《狮头鹅和湖羊养殖实操精要与疫病防控》 | F87: 2.5
D88: 2026.03.25 | E88: 参加2026年第三期“龙江先锋网”省级直播授课培训《树立和践行正确政绩观》《大豆产业提质增效》 | F88: 2.5
D89: 2026.04.15 | E89: 参加2026年第五期“龙江先锋网”省级直播授课培训《深入学习贯彻习近平法治思想，以全民普法夯实基层治理法治根基》 | F89: 2.5
A90: 15 | B90: 高喜才 | C90: =VLOOKUP(B90,[1]导出名册!$A$1:$H$65536,8,FALSE) -> 1976-08-15 | D90: 2026.01.17 | E90: 参加二十届四中全会精神教育集中培训《“十五五”时期经济社会发展的指导思想、重大原则和根本保证》《“十五五”时期经济社会发展的重大战略任务》，围绕深入贯彻落实党的二十届四中全会精神及省委十三届八次全会部署、深入贯彻落实市委十四届八次全会及县委十七届九次全会部署开展研讨 | F90: 6 | G90: =SUM(F90:F95) -> 18.5
D91: 2026.02.06 | E91: 参加2026年第一期“龙江先锋网”省级直播授课培训《提升基层安全应急能力 助力地方高质量发展》 | F91: 2.5
D92: 2026.02.26 | E92: 参加2026年第二期“龙江先锋网”省级直播授课培训《全面贯彻省委经济工作会议精神 确保实现‘十五五’开好局起好步》 | F92: 2.5
D93: 2026.03.18 | E93: 参加2026年第一期“三江党旗红 党员在行动”直播授课培训《佳木斯市大垄密植增产技术措施》《狮头鹅和湖羊养殖实操精要与疫病防控》 | F93: 2.5
D94: 2026.03.25 | E94: 参加2026年第三期“龙江先锋网”省级直播授课培训《树立和践行正确政绩观》《大豆产业提质增效》 | F94: 2.5
D95: 2026.04.15 | E95: 参加2026年第五期“龙江先锋网”省级直播授课培训《深入学习贯彻习近平法治思想，以全民普法夯实基层治理法治根基》 | F95: 2.5
A96: 16 | B96: 刘大鸣 | C96: =VLOOKUP(B96,[1]导出名册!$A$1:$H$65536,8,FALSE) -> 2001-10-01 | D96: 2026.01.17 | E96: 参加二十届四中全会精神教育集中培训《“十五五”时期经济社会发展的指导思想、重大原则和根本保证》《“十五五”时期经济社会发展的重大战略任务》，围绕深入贯彻落实党的二十届四中全会精神及省委十三届八次全会部署、深入贯彻落实市委十四届八次全会及县委十七届九次全会部署开展研讨 | F96: 6 | G96: =SUM(F96:F102) -> 20.5
D97: 2026.02.06 | E97: 参加2026年第一期“龙江先锋网”省级直播授课培训《提升基层安全应急能力 助力地方高质量发展》 | F97: 2.5
D98: 2026.02.26 | E98: 参加2026年第二期“龙江先锋网”省级直播授课培训《全面贯彻省委经济工作会议精神 确保实现‘十五五’开好局起好步》 | F98: 2.5
D99: 2026.3.20 | E99: 3月份党员大会 | F99: 2
D100: 2026.03.18 | E100: 参加2026年第一期“三江党旗红 党员在行动”直播授课培训《佳木斯市大垄密植增产技术措施》《狮头鹅和湖羊养殖实操精要与疫病防控》 | F100: 2.5
...
